{"cameraMode":{"drawMode":0,"name":"Shaded","section":"Shading Mode"},"sceneLighting":true,"audioPlay":false,"sceneViewState":{"showFog":true,"showMaterialUpdate":false,"showSkybox":true,"showFlares":true,"showImageEffects":true,"showParticleSystems":true},"in2DMode":false,"pivot":{"x":-14.340746879577637,"y":10.085091590881348,"z":13.937039375305176},"rotation":{"x":-0.14468863606452943,"y":-0.6571241021156311,"z":0.13066090643405915,"w":-0.7282000780105591},"size":0.8660253882408142,"orthographic":false}